GEO.id,GEO.id2,GEO.display-label,HD01_VD01,HD02_VD01,HD01_VD02,HD02_VD02,HD01_VD03,HD02_VD03,HD01_VD04,HD02_VD04,HD01_VD05,HD02_VD05,HD01_VD06,HD02_VD06,HD01_VD07,HD02_VD07,HD01_VD08,HD02_VD08,HD01_VD09,HD02_VD09,HD01_VD10,HD02_VD10,HD01_VD11,HD02_VD11,HD01_VD12,HD02_VD12,HD01_VD13,HD02_VD13,HD01_VD14,HD02_VD14,HD01_VD15,HD02_VD15,HD01_VD16,HD02_VD16,HD01_VD17,HD02_VD17,HD01_VD18,HD02_VD18,HD01_VD19,HD02_VD19,HD01_VD20,HD02_VD20
Id,Id2,Geography,Estimate; Total:,Margin of Error; Total:,Estimate; In married-couple families:,Margin of Error; In married-couple families:,Estimate; In married-couple families: - Under 3 years,Margin of Error; In married-couple families: - Under 3 years,Estimate; In married-couple families: - 3 and 4 years,Margin of Error; In married-couple families: - 3 and 4 years,Estimate; In married-couple families: - 5 years,Margin of Error; In married-couple families: - 5 years,Estimate; In married-couple families: - 6 to 11 years,Margin of Error; In married-couple families: - 6 to 11 years,Estimate; In married-couple families: - 12 to 17 years,Margin of Error; In married-couple families: - 12 to 17 years,Estimate; In other families:,Margin of Error; In other families:,"Estimate; In other families: - Male householder, no wife present:","Margin of Error; In other families: - Male householder, no wife present:","Estimate; In other families: - Male householder, no wife present: - Under 3 years","Margin of Error; In other families: - Male householder, no wife present: - Under 3 years","Estimate; In other families: - Male householder, no wife present: - 3 and 4 years","Margin of Error; In other families: - Male householder, no wife present: - 3 and 4 years","Estimate; In other families: - Male householder, no wife present: - 5 years","Margin of Error; In other families: - Male householder, no wife present: - 5 years","Estimate; In other families: - Male householder, no wife present: - 6 to 11 years","Margin of Error; In other families: - Male householder, no wife present: - 6 to 11 years","Estimate; In other families: - Male householder, no wife present: - 12 to 17 years","Margin of Error; In other families: - Male householder, no wife present: - 12 to 17 years","Estimate; In other families: - Female householder, no husband present:","Margin of Error; In other families: - Female householder, no husband present:","Estimate; In other families: - Female householder, no husband present: - Under 3 years","Margin of Error; In other families: - Female householder, no husband present: - Under 3 years","Estimate; In other families: - Female householder, no husband present: - 3 and 4 years","Margin of Error; In other families: - Female householder, no husband present: - 3 and 4 years","Estimate; In other families: - Female householder, no husband present: - 5 years","Margin of Error; In other families: - Female householder, no husband present: - 5 years","Estimate; In other families: - Female householder, no husband present: - 6 to 11 years","Margin of Error; In other families: - Female householder, no husband present: - 6 to 11 years","Estimate; In other families: - Female householder, no husband present: - 12 to 17 years","Margin of Error; In other families: - Female householder, no husband present: - 12 to 17 years"
0400000US09,09,Connecticut,743849,2195,533909,4565,74447,1493,55316,1332,28434,1034,186463,2671,189249,2380,209940,4123,38050,1962,6031,739,3709,473,2001,387,11334,877,14975,996,171890,4145,19684,1098,17517,1011,8062,661,55954,1955,70673,1991
0600000US0900100000,0900100000,"County subdivisions not defined, Fairfield County, Connecticut",0,12,0,12,0,12,0,12,0,12,0,12,0,12,0,12,0,12,0,12,0,12,0,12,0,12,0,12,0,12,0,12,0,12,0,12,0,12,0,12
0600000US0900104720,0900104720,"Bethel town, Fairfield County, Connecticut",4206,294,3457,255,523,148,364,109,178,72,1274,200,1118,178,749,256,152,142,0,19,0,19,64,105,21,26,67,61,597,212,66,58,94,77,0,19,116,60,321,148
0600000US0900108070,0900108070,"Bridgeport town, Fairfield County, Connecticut",31615,1160,15086,1132,2329,378,1920,341,1145,225,5248,585,4444,453,16529,1138,2535,591,487,182,195,111,229,137,979,305,645,231,13994,1123,1718,321,1556,292,749,205,5095,673,4876,501
0600000US0900108980,0900108980,"Brookfield town, Fairfield County, Connecticut",3821,259,3360,287,402,140,369,162,121,56,1170,256,1298,206,461,215,105,81,10,16,0,19,0,19,50,55,45,43,356,196,46,50,16,25,0,19,44,43,250,173
0600000US0900118500,0900118500,"Danbury town, Fairfield County, Connecticut",14629,650,10657,698,2126,313,1092,224,555,152,3561,466,3323,427,3972,600,767,271,353,201,106,97,15,22,170,108,123,73,3205,555,413,186,332,137,88,83,1106,338,1266,349
0600000US0900118850,0900118850,"Darien town, Fairfield County, Connecticut",7401,253,6776,290,672,125,760,129,416,112,2469,282,2459,246,625,218,74,58,7,11,0,23,0,23,12,22,55,48,551,202,11,17,7,10,16,23,174,75,343,150
0600000US0900123890,0900123890,"Easton town, Fairfield County, Connecticut",2070,148,1861,135,297,121,47,37,131,60,811,161,575,133,209,140,63,48,15,16,0,17,0,17,12,15,36,38,146,135,0,17,9,15,8,14,40,48,89,91
0600000US0900126620,0900126620,"Fairfield town, Fairfield County, Connecticut",14702,426,12976,440,1815,276,1374,210,651,163,4505,338,4631,368,1726,285,292,133,3,5,0,29,30,44,170,100,89,57,1434,301,59,40,72,42,32,32,528,174,743,207
0600000US0900133620,0900133620,"Greenwich town, Fairfield County, Connecticut",15588,478,13768,545,1849,270,1758,234,883,198,4919,416,4359,431,1820,374,423,182,11,17,60,62,47,56,119,75,186,99,1397,310,96,79,43,34,10,17,443,156,805,223
0600000US0900148620,0900148620,"Monroe town, Fairfield County, Connecticut",4864,293,4267,314,443,147,433,141,217,94,1378,219,1796,260,597,244,258,185,37,54,18,26,0,19,137,121,66,63,339,138,0,19,30,35,0,19,68,67,241,105
0600000US0900150580,0900150580,"New Canaan town, Fairfield County, Connecticut",6410,287,5710,332,613,168,459,132,304,101,2067,289,2267,254,700,279,139,132,0,23,0,23,0,23,52,74,87,84,561,250,18,28,81,84,60,96,114,103,288,184
0600000US0900150860,0900150860,"New Fairfield town, Fairfield County, Connecticut",3373,234,3117,244,198,83,253,91,197,80,1227,216,1242,194,256,104,37,43,0,19,0,19,0,19,0,19,37,43,219,103,47,39,0,19,36,28,33,31,103,69
0600000US0900152980,0900152980,"Newtown town, Fairfield County, Connecticut",7245,314,6777,289,669,138,535,134,367,121,2231,248,2975,307,468,205,111,80,16,24,9,11,0,23,12,16,74,63,357,195,54,60,0,23,0,23,20,23,283,182
0600000US0900156060,0900156060,"Norwalk town, Fairfield County, Connecticut",15030,835,11184,757,2351,350,1617,262,482,152,3907,475,2827,378,3846,631,494,223,73,60,82,82,6,12,182,128,151,111,3352,538,317,131,279,132,213,137,1310,302,1233,303
0600000US0900163480,0900163480,"Redding town, Fairfield County, Connecticut",2405,205,1896,264,163,79,177,112,115,63,722,177,719,158,509,207,51,47,0,17,0,17,0,17,36,41,15,26,458,205,24,33,25,35,44,41,54,51,311,168
0600000US0900163970,0900163970,"Ridgefield town, Fairfield County, Connecticut",7453,289,6694,333,567,123,493,116,395,117,2595,284,2644,311,759,280,93,69,0,23,8,12,0,23,30,37,55,50,666,273,0,23,62,78,5,7,146,76,453,236
0600000US0900168170,0900168170,"Shelton town, Fairfield County, Connecticut",7433,455,6344,416,790,223,553,168,250,93,2277,318,2474,361,1089,333,296,163,22,35,16,24,14,23,128,100,116,72,793,280,34,41,111,56,0,26,157,71,491,258
0600000US0900168310,0900168310,"Sherman town, Fairfield County, Connecticut",813,95,746,100,111,51,97,61,31,32,282,96,225,95,67,48,11,17,0,12,0,12,0,12,0,12,11,17,56,52,0,12,0,12,13,19,23,25,20,32
0600000US0900173070,0900173070,"Stamford town, Fairfield County, Connecticut",25191,1040,18763,888,3639,415,2280,296,1039,188,6048,522,5757,452,6428,854,1082,304,287,140,218,136,8,11,173,88,396,170,5346,778,649,262,756,260,223,129,1459,378,2259,415
0600000US0900174190,0900174190,"Stratford town, Fairfield County, Connecticut",9574,463,7204,445,1156,265,889,190,467,138,2271,318,2421,295,2370,420,339,135,15,26,48,68,7,14,76,51,193,90,2031,412,85,83,179,108,105,76,631,211,1031,271
0600000US0900177200,0900177200,"Trumbull town, Fairfield County, Connecticut",8708,345,7900,414,921,197,796,149,448,132,2672,297,3063,314,808,204,140,75,11,18,22,25,0,26,22,32,85,63,668,185,52,48,57,52,0,26,217,103,342,122
0600000US0900183430,0900183430,"Weston town, Fairfield County, Connecticut",3434,172,3226,167,215,104,194,64,171,84,1365,197,1281,184,208,124,117,109,0,19,0,19,0,19,0,19,117,109,91,62,7,12,0,19,0,19,10,17,74,57
0600000US0900183500,0900183500,"Westport town, Fairfield County, Connecticut",7500,294,6528,365,528,114,632,143,305,92,2573,271,2490,236,972,284,149,91,0,23,19,29,0,23,34,37,96,67,823,282,76,68,92,64,61,55,335,162,259,105
0600000US0900186370,0900186370,"Wilton town, Fairfield County, Connecticut",5814,285,5406,270,562,155,558,123,363,105,1913,225,2010,258,408,142,51,40,0,19,0,19,8,14,19,22,24,25,357,138,8,14,6,10,27,23,173,109,143,85
0600000US0900302060,0900302060,"Avon town, Hartford County, Connecticut",4715,213,4195,226,349,124,255,96,174,68,1801,232,1616,219,520,227,74,64,0,19,12,17,0,19,21,23,41,45,446,224,21,28,32,37,34,41,183,185,176,101
0600000US0900304300,0900304300,"Berlin town, Hartford County, Connecticut",3985,253,3382,302,371,143,398,135,232,93,1263,269,1118,229,603,213,193,127,27,25,0,23,13,21,71,53,82,72,410,195,17,21,10,17,28,33,226,139,129,76
0600000US0900305910,0900305910,"Bloomfield town, Hartford County, Connecticut",2554,270,1505,312,213,112,184,101,40,36,506,184,562,156,1049,259,291,198,29,35,0,23,0,23,187,154,75,46,758,196,69,54,29,39,37,43,182,92,441,132
0600000US0900308490,0900308490,"Bristol town, Hartford County, Connecticut",11948,528,7888,474,1184,225,851,157,429,156,2933,335,2491,339,4060,559,1123,382,283,146,106,68,84,101,351,162,299,132,2937,400,233,123,261,129,197,102,1136,270,1110,252
0600000US0900310100,0900310100,"Burlington town, Hartford County, Connecticut",2405,157,1982,192,227,93,194,90,82,52,850,188,629,149,423,158,68,55,0,17,0,17,0,17,40,44,28,33,355,150,29,41,0,17,11,16,158,106,157,85
0600000US0900312270,0900312270,"Canton town, Hartford County, Connecticut",2345,175,1873,214,150,82,96,48,119,70,711,153,797,145,472,210,117,100,35,41,12,24,0,19,31,48,39,42,355,189,46,48,34,44,9,13,93,95,173,114
0600000US0900322070,0900322070,"East Granby town, Hartford County, Connecticut",1061,178,975,174,118,79,112,61,69,49,465,163,211,99,86,75,57,68,0,17,0,17,0,17,20,35,37,47,29,33,12,20,0,17,0,17,0,17,17,26
0600000US0900322630,0900322630,"East Hartford town, Hartford County, Connecticut",9854,556,5301,525,685,160,519,187,287,114,2082,304,1728,266,4553,633,690,285,173,109,101,84,28,28,175,128,213,121,3863,634,618,204,373,160,202,118,1093,266,1577,376
0600000US0900324800,0900324800,"East Windsor town, Hartford County, Connecticut",2381,306,1654,215,189,107,105,73,73,56,727,194,560,157,727,374,124,112,33,45,14,21,0,19,52,62,25,28,603,370,118,113,159,190,0,19,79,65,247,173
0600000US0900325990,0900325990,"Enfield town, Hartford County, Connecticut",7863,378,5796,491,637,148,638,149,187,64,2289,297,2045,291,2067,375,399,192,49,39,35,35,18,23,84,66,213,139,1668,339,61,47,128,67,82,56,521,158,876,229
0600000US0900327600,0900327600,"Farmington town, Hartford County, Connecticut",5586,301,4910,283,641,192,493,135,348,111,1602,240,1826,236,676,211,98,58,10,16,0,23,7,12,34,30,47,43,578,200,34,28,22,26,10,14,164,107,348,127
0600000US0900331240,0900331240,"Glastonbury town, Hartford County, Connecticut",8611,287,7152,333,749,170,951,189,234,85,2583,264,2635,294,1459,283,145,81,0,26,6,18,17,28,53,54,69,60,1314,266,117,72,38,43,60,55,440,178,659,181
0600000US0900332640,0900332640,"Granby town, Hartford County, Connecticut",2524,167,2027,235,229,91,197,80,90,68,795,188,716,205,497,211,182,173,0,19,0,19,0,19,104,102,78,85,315,144,0,19,8,12,0,19,70,55,237,106
0600000US0900337070,0900337070,"Hartford town, Hartford County, Connecticut",27321,1014,7761,861,861,186,787,183,493,167,2679,378,2941,407,19560,1060,1926,447,316,148,267,125,174,91,431,185,738,217,17634,1075,2718,362,1879,250,922,210,5995,547,6120,642
0600000US0900337140,0900337140,"Hartland town, Hartford County, Connecticut",478,73,457,74,45,18,59,25,29,19,164,53,160,34,21,11,8,7,0,12,0,12,0,12,0,12,8,7,13,8,4,5,0,12,0,12,0,12,9,8
0600000US0900344700,0900344700,"Manchester town, Hartford County, Connecticut",11306,477,7530,632,1640,262,964,184,475,157,2113,308,2338,346,3776,495,888,280,227,117,92,53,10,16,301,193,258,134,2888,422,350,135,448,172,71,70,935,214,1084,249
0600000US0900345820,0900345820,"Marlborough town, Hartford County, Connecticut",1682,121,1359,154,107,58,193,70,75,68,373,105,611,144,323,141,86,96,86,96,0,17,0,17,0,17,0,17,237,139,0,17,18,28,18,28,37,45,164,105
0600000US0900350440,0900350440,"New Britain town, Hartford County, Connecticut",14789,731,6286,648,888,214,888,234,311,102,2016,272,2183,371,8503,671,1190,308,390,145,167,91,69,52,310,126,254,108,7313,709,941,231,1209,226,470,135,2445,389,2248,357
0600000US0900352140,0900352140,"Newington town, Hartford County, Connecticut",5381,362,4121,437,716,141,456,157,301,105,1313,208,1335,258,1260,314,213,101,40,33,17,21,9,16,53,34,94,58,1047,299,68,42,95,69,34,36,354,139,496,192
0600000US0900360120,0900360120,"Plainville town, Hartford County, Connecticut",3282,311,2078,304,279,142,246,104,101,71,698,171,754,221,1204,404,167,130,0,19,0,19,0,19,98,91,69,62,1037,366,143,105,107,92,19,21,309,188,459,226
0600000US0900365370,0900365370,"Rocky Hill town, Hartford County, Connecticut",3907,327,3060,348,676,195,443,143,68,43,1021,243,852,202,847,284,83,92,17,28,0,19,0,19,18,29,48,44,764,285,64,67,0,19,55,88,242,128,403,166
0600000US0900368940,0900368940,"Simsbury town, Hartford County, Connecticut",6384,300,5431,306,557,137,461,93,195,71,2091,254,2127,227,953,326,195,146,0,23,0,23,0,23,80,61,115,93,758,293,34,37,15,18,51,48,206,121,452,183
0600000US0900370550,0900370550,"Southington town, Hartford County, Connecticut",8972,365,7633,376,1028,184,741,177,524,137,2894,343,2446,281,1339,280,299,141,0,26,0,26,62,60,153,87,84,53,1040,256,154,90,119,73,109,83,289,138,369,129
0600000US0900371390,0900371390,"South Windsor town, Hartford County, Connecticut",5993,374,5144,418,747,173,464,140,269,101,1787,240,1877,297,849,263,242,143,29,41,0,23,43,68,103,91,67,51,607,207,0,23,48,51,25,40,163,97,371,149
0600000US0900374540,0900374540,"Suffield town, Hartford County, Connecticut",3034,194,2483,234,280,116,177,73,176,89,917,166,933,219,551,215,63,53,0,19,0,19,0,19,34,37,29,33,488,209,56,71,33,49,29,34,120,82,250,126
0600000US0900382590,0900382590,"West Hartford town, Hartford County, Connecticut",13620,416,11112,476,1619,191,1354,210,443,102,3886,292,3810,296,2508,421,744,285,10,16,88,81,31,45,271,192,344,115,1764,287,140,82,138,78,122,78,526,141,838,203
0600000US0900384900,0900384900,"Wethersfield town, Hartford County, Connecticut",5355,252,4289,288,629,142,420,126,223,87,1420,207,1597,196,1066,255,207,119,3,8,20,30,0,23,81,60,103,72,859,237,32,45,45,40,4,9,312,121,466,161
0600000US0900387000,0900387000,"Windsor town, Hartford County, Connecticut",5753,330,4118,354,569,120,481,131,137,57,1615,227,1316,231,1635,393,257,133,10,16,55,43,4,7,114,105,74,71,1378,365,105,57,117,65,23,20,462,214,671,204
0600000US0900387070,0900387070,"Windsor Locks town, Hartford County, Connecticut",2146,275,1410,251,264,127,46,36,58,37,305,118,737,175,736,186,157,79,21,25,0,19,22,19,46,38,68,56,579,178,118,81,79,60,56,77,190,81,136,93
0600000US0900502760,0900502760,"Barkhamsted town, Litchfield County, Connecticut",851,117,807,121,125,63,106,60,42,31,317,111,217,100,44,32,0,12,0,12,0,12,0,12,0,12,0,12,44,32,0,12,0,12,0,12,7,11,37,27
0600000US0900504930,0900504930,"Bethlehem town, Litchfield County, Connecticut",580,137,507,128,14,21,68,45,11,17,166,82,248,83,73,59,0,12,0,12,0,12,0,12,0,12,0,12,73,59,0,12,0,12,12,18,40,35,21,23
0600000US0900508210,0900508210,"Bridgewater town, Litchfield County, Connecticut",316,76,234,37,19,14,27,18,0,12,86,27,102,28,82,64,0,12,0,12,0,12,0,12,0,12,0,12,82,64,2,4,0,12,7,12,32,20,41,45
0600000US0900510940,0900510940,"Canaan town, Litchfield County, Connecticut",175,52,127,42,14,12,21,13,4,5,49,22,39,24,48,27,26,19,9,14,4,6,0,12,10,8,3,5,22,18,0,12,2,3,0,12,9,8,11,14
0600000US0900516050,0900516050,"Colebrook town, Litchfield County, Connecticut",226,46,196,52,24,21,8,13,10,15,65,24,89,32,30,21,13,12,0,12,0,12,0,12,0,12,13,12,17,18,3,5,3,5,0,12,8,13,3,6
0600000US0900517240,0900517240,"Cornwall town, Litchfield County, Connecticut",315,95,284,97,20,14,26,15,0,12,80,35,158,86,31,28,12,12,0,12,0,12,0,12,6,9,6,7,19,25,0,12,0,12,0,12,7,12,12,13
0600000US0900532290,0900532290,"Goshen town, Litchfield County, Connecticut",457,109,374,119,23,23,17,21,42,50,163,73,129,55,83,69,35,47,0,12,0,12,0,12,0,12,35,47,48,56,0,12,0,12,0,12,0,12,48,56
0600000US0900537280,0900537280,"Harwinton town, Litchfield County, Connecticut",1085,105,1021,102,61,42,92,44,126,57,316,77,426,117,64,47,14,22,0,17,0,17,0,17,0,17,14,22,50,39,6,10,0,17,0,17,17,27,27,25
0600000US0900540290,0900540290,"Kent town, Litchfield County, Connecticut",573,133,443,161,37,32,26,25,0,12,200,130,180,106,130,86,31,48,11,17,10,16,0,12,10,15,0,12,99,95,27,32,26,30,0,12,23,28,23,26
0600000US0900543370,0900543370,"Litchfield town, Litchfield County, Connecticut",1826,198,1440,221,166,63,112,47,44,25,500,150,618,111,386,137,100,79,0,17,0,17,0,17,41,39,59,45,286,111,39,45,21,22,0,17,71,48,155,61
0600000US0900549460,0900549460,"Morris town, Litchfield County, Connecticut",520,114,482,117,33,23,53,42,18,16,229,60,149,53,38,29,17,19,0,12,0,12,0,12,0,12,17,19,21,24,0,12,0,12,0,12,16,23,5,8
0600000US0900551350,0900551350,"New Hartford town, Litchfield County, Connecticut",1445,164,1244,164,88,68,168,90,52,39,423,91,513,145,201,116,101,88,44,68,0,17,0,17,40,47,17,28,100,82,0,17,0,17,0,17,40,47,60,62
0600000US0900552630,0900552630,"New Milford town, Litchfield County, Connecticut",6358,365,5169,424,710,179,440,154,404,137,1748,267,1867,264,1189,296,348,153,68,58,18,24,19,28,72,61,171,109,841,267,131,94,45,35,13,20,196,108,456,181
0600000US0900553470,0900553470,"Norfolk town, Litchfield County, Connecticut",246,59,184,51,25,21,18,19,6,8,56,23,79,25,62,40,0,12,0,12,0,12,0,12,0,12,0,12,62,40,5,7,0,12,0,12,29,25,28,19
0600000US0900554030,0900554030,"North Canaan town, Litchfield County, Connecticut",532,161,264,133,22,35,0,12,59,49,68,54,115,71,268,129,66,61,19,31,20,21,0,12,18,19,9,14,202,115,54,54,0,12,0,12,23,28,125,108
0600000US0900560750,0900560750,"Plymouth town, Litchfield County, Connecticut",2523,214,2040,236,281,127,207,68,116,82,669,157,767,167,483,168,121,101,0,19,0,19,0,19,76,64,45,48,362,133,30,32,21,28,26,39,116,69,169,78
0600000US0900565930,0900565930,"Roxbury town, Litchfield County, Connecticut",367,88,353,87,39,45,40,28,17,19,126,45,131,53,14,15,0,12,0,12,0,12,0,12,0,12,0,12,14,15,0,12,0,12,0,12,6,8,8,11
0600000US0900566420,0900566420,"Salisbury town, Litchfield County, Connecticut",705,170,341,156,7,13,0,12,23,27,197,106,114,79,364,169,96,115,0,12,46,59,0,12,9,13,41,52,268,140,36,41,0,12,35,54,70,65,127,66
0600000US0900567960,0900567960,"Sharon town, Litchfield County, Connecticut",427,94,341,91,77,59,84,48,0,12,134,58,46,43,86,71,46,52,0,12,0,12,0,12,19,24,27,35,40,38,0,12,0,12,0,12,0,12,40,38
0600000US0900575730,0900575730,"Thomaston town, Litchfield County, Connecticut",1411,128,1208,127,104,51,147,67,39,32,404,101,514,91,203,98,14,21,0,17,0,17,0,17,14,21,0,17,189,96,0,17,8,12,0,17,49,46,132,86
0600000US0900576570,0900576570,"Torrington town, Litchfield County, Connecticut",6818,424,4802,419,663,129,536,155,312,104,1629,319,1662,311,2016,391,423,161,37,45,62,62,13,20,142,84,169,93,1593,377,237,130,78,67,38,37,655,216,585,233
0600000US0900579510,0900579510,"Warren town, Litchfield County, Connecticut",306,50,271,54,57,46,32,13,8,6,83,36,91,35,35,23,3,4,0,12,0,12,0,12,3,4,0,12,32,22,4,5,0,12,0,12,12,9,16,12
0600000US0900579720,0900579720,"Washington town, Litchfield County, Connecticut",556,94,484,87,51,38,70,33,46,32,102,39,215,74,72,53,22,36,0,12,0,12,0,12,22,36,0,12,50,40,0,12,0,12,0,12,0,12,50,40
0600000US0900580490,0900580490,"Watertown town, Litchfield County, Connecticut",4617,392,3664,386,440,146,327,109,66,54,1386,292,1445,253,953,341,338,266,52,79,57,88,0,23,52,81,177,136,615,249,49,38,43,48,23,29,228,142,272,147
0600000US0900586440,0900586440,"Winchester town, Litchfield County, Connecticut",2072,317,1587,320,230,108,103,101,73,57,727,266,454,158,485,178,178,116,38,53,38,53,0,19,24,36,78,66,307,133,53,55,0,19,7,13,37,31,210,107
0600000US0900587910,0900587910,"Woodbury town, Litchfield County, Connecticut",1940,170,1741,162,223,92,141,78,60,49,694,162,623,174,199,93,29,27,0,17,0,17,0,17,21,24,8,13,170,86,0,17,0,17,0,17,45,44,125,66
0600000US0900700000,0900700000,"County subdivisions not defined, Middlesex County, Connecticut",0,12,0,12,0,12,0,12,0,12,0,12,0,12,0,12,0,12,0,12,0,12,0,12,0,12,0,12,0,12,0,12,0,12,0,12,0,12,0,12
0600000US0900714300,0900714300,"Chester town, Middlesex County, Connecticut",804,121,539,130,53,42,97,75,8,12,195,91,186,82,265,144,0,12,0,12,0,12,0,12,0,12,0,12,265,144,31,46,14,20,44,45,90,60,86,80
0600000US0900715350,0900715350,"Clinton town, Middlesex County, Connecticut",2547,164,2197,184,206,98,151,66,99,62,967,163,774,179,350,123,91,65,0,19,43,44,8,12,40,33,0,19,259,100,53,52,0,19,13,19,92,56,101,59
0600000US0900718080,0900718080,"Cromwell town, Middlesex County, Connecticut",2712,236,2293,228,319,94,297,132,145,73,734,138,798,161,419,149,107,80,46,62,0,19,0,19,0,19,61,53,312,126,4,9,10,16,12,14,165,92,121,75
0600000US0900719130,0900719130,"Deep River town, Middlesex County, Connecticut",763,116,712,124,73,45,148,115,20,26,363,87,108,52,51,44,11,17,0,12,0,12,0,12,11,17,0,12,40,43,0,12,0,12,0,12,0,12,40,43
0600000US0900720810,0900720810,"Durham town, Middlesex County, Connecticut",1923,170,1742,193,180,96,175,79,98,54,648,151,641,146,181,101,109,91,0,17,0,17,0,17,16,26,93,85,72,57,14,22,0,17,0,17,24,28,34,41
0600000US0900722280,0900722280,"East Haddam town, Middlesex County, Connecticut",2068,241,1730,296,155,88,115,68,65,52,625,184,770,196,338,211,0,17,0,17,0,17,0,17,0,17,0,17,338,211,27,39,46,67,0,17,114,129,151,103
0600000US0900722490,0900722490,"East Hampton town, Middlesex County, Connecticut",2535,204,2143,233,264,96,357,126,154,68,842,162,526,151,392,156,134,131,17,26,0,19,0,19,39,44,78,111,258,166,0,19,32,35,11,17,120,94,95,82
0600000US0900726270,0900726270,"Essex town, Middlesex County, Connecticut",1266,157,1125,163,135,88,114,68,45,41,408,125,423,132,141,92,77,72,47,55,0,17,0,17,0,17,30,49,64,55,0,17,6,11,0,17,22,30,36,38
0600000US0900735230,0900735230,"Haddam town, Middlesex County, Connecticut",1901,245,1516,240,209,111,137,71,40,37,478,137,652,198,385,175,83,91,56,88,0,17,0,17,13,21,14,21,302,159,17,25,16,25,0,17,53,56,216,131
0600000US0900740710,0900740710,"Killingworth town, Middlesex County, Connecticut",1522,114,1409,129,109,71,76,55,107,66,574,113,543,158,113,78,67,58,17,28,0,17,0,17,30,43,20,32,46,54,0,17,0,17,0,17,0,17,46,54
0600000US0900747080,0900747080,"Middlefield town, Middlesex County, Connecticut",955,115,696,97,142,69,80,52,9,13,173,58,292,85,259,137,155,114,47,55,0,12,34,37,35,37,39,39,104,83,0,12,0,12,0,12,52,42,52,49
0600000US0900747360,0900747360,"Middletown town, Middlesex County, Connecticut",8456,439,5092,508,985,241,574,168,250,88,1775,287,1508,253,3364,575,572,293,27,35,19,34,20,34,139,91,367,241,2792,492,387,179,477,146,71,53,906,226,951,241
0600000US0900757320,0900757320,"Old Saybrook town, Middlesex County, Connecticut",2147,275,1606,259,168,93,113,80,79,47,457,122,789,202,541,232,157,133,38,60,0,19,0,19,63,68,56,48,384,202,44,58,32,51,0,19,53,34,255,164
0600000US0900761800,0900761800,"Portland town, Middlesex County, Connecticut",1953,200,1705,150,144,100,137,83,32,38,704,122,688,135,248,156,65,68,0,17,0,17,15,18,9,14,41,62,183,148,16,19,0,17,0,17,46,56,121,96
0600000US0900781680,0900781680,"Westbrook town, Middlesex County, Connecticut",1158,177,895,168,110,70,71,80,49,42,322,103,343,113,263,133,111,92,0,17,0,17,0,17,34,42,77,66,152,102,0,17,0,17,0,17,23,30,129,81
0600000US0900900000,0900900000,"County subdivisions not defined, New Haven County, Connecticut",0,12,0,12,0,12,0,12,0,12,0,12,0,12,0,12,0,12,0,12,0,12,0,12,0,12,0,12,0,12,0,12,0,12,0,12,0,12,0,12
0600000US0900901220,0900901220,"Ansonia town, New Haven County, Connecticut",4248,451,2329,481,511,241,191,114,66,40,827,267,734,272,1919,549,359,334,14,22,15,25,19,23,96,103,215,311,1560,470,371,273,184,170,68,57,366,138,571,212
0600000US0900903250,0900903250,"Beacon Falls town, New Haven County, Connecticut",1304,181,1006,247,200,105,96,77,140,87,438,141,132,102,298,186,86,129,0,17,0,17,0,17,29,43,57,85,212,143,0,17,0,17,28,42,91,90,93,62
0600000US0900904580,0900904580,"Bethany town, New Haven County, Connecticut",1435,112,1273,112,91,47,62,35,24,24,618,117,478,131,162,90,77,68,0,17,0,17,0,17,23,34,54,60,85,59,9,14,0,17,0,17,18,21,58,45
0600000US0900907310,0900907310,"Branford town, New Haven County, Connecticut",4566,270,3454,322,477,125,290,84,193,91,1129,211,1365,230,1112,309,77,75,14,27,0,23,0,23,23,31,40,47,1035,292,72,81,69,61,101,103,448,202,345,113
0600000US0900914160,0900914160,"Cheshire town, New Haven County, Connecticut",6473,313,5740,313,655,138,510,116,324,106,1996,251,2255,198,733,221,139,87,0,23,0,23,0,23,40,36,99,73,594,205,27,28,18,19,69,75,178,89,302,123
0600000US0900919550,0900919550,"Derby town, New Haven County, Connecticut",2556,417,1594,353,302,105,265,117,81,67,334,125,612,209,962,405,124,100,67,71,0,19,0,19,0,19,57,61,838,402,40,36,139,152,0,19,340,245,319,145
0600000US0900922910,0900922910,"East Haven town, New Haven County, Connecticut",5152,488,3534,410,563,156,322,118,118,79,1264,317,1267,195,1618,521,456,345,6,10,118,156,47,76,228,166,57,47,1162,376,46,43,214,137,0,23,398,168,504,187
0600000US0900934950,0900934950,"Guilford town, New Haven County, Connecticut",4876,257,4173,326,600,144,498,109,227,109,1356,230,1492,195,703,228,216,128,0,23,0,23,35,51,83,77,98,73,487,170,0,23,13,21,0,23,108,64,366,142
0600000US0900935650,0900935650,"Hamden town, New Haven County, Connecticut",10674,549,7617,498,1323,232,833,214,400,127,2375,332,2686,399,3057,466,460,183,78,54,57,51,54,56,159,89,112,83,2597,448,274,154,283,141,73,48,698,218,1269,319
0600000US0900944560,0900944560,"Madison town, New Haven County, Connecticut",4827,304,4416,317,424,141,282,111,208,71,1493,220,2009,284,411,211,67,56,0,19,0,19,13,22,0,19,54,52,344,191,12,19,0,19,0,19,174,142,158,91
0600000US0900946520,0900946520,"Meriden town, New Haven County, Connecticut",12439,536,7339,584,1125,254,763,153,430,135,2384,321,2637,352,5100,565,859,252,116,99,117,95,16,26,164,91,446,170,4241,535,525,162,539,201,286,133,1489,294,1402,287
0600000US0900946940,0900946940,"Middlebury town, New Haven County, Connecticut",1650,166,1457,172,153,71,120,65,131,59,501,111,552,172,193,96,40,34,0,17,8,13,0,17,17,22,15,23,153,93,0,17,0,17,8,13,72,53,73,51
0600000US0900947535,0900947535,"Milford town, New Haven County, Connecticut",10019,415,8295,418,1569,285,824,172,455,154,2571,306,2876,280,1724,339,358,143,47,47,26,30,8,13,120,79,157,79,1366,332,67,50,117,83,29,36,485,180,668,173
0600000US0900949950,0900949950,"Naugatuck town, New Haven County, Connecticut",6213,545,4253,476,738,181,565,157,300,144,1479,292,1171,250,1960,455,391,184,129,114,47,49,21,33,74,75,120,90,1569,412,186,142,180,115,20,30,504,194,679,239
0600000US0900952070,0900952070,"New Haven town, New Haven County, Connecticut",25152,1135,10062,881,2057,353,1128,243,534,157,3486,457,2857,408,15090,1004,1662,374,293,161,167,84,124,71,391,149,687,273,13428,964,1581,317,1530,298,576,161,4371,503,5370,539
0600000US0900953890,0900953890,"North Branford town, New Haven County, Connecticut",2883,224,2363,245,299,151,173,87,142,99,797,166,952,187,520,182,104,97,0,19,0,19,0,19,47,60,57,52,416,184,47,54,0,19,29,31,202,116,138,108
0600000US0900954870,0900954870,"North Haven town, New Haven County, Connecticut",4532,262,3953,285,583,140,394,114,159,81,1355,205,1462,246,579,170,134,72,8,14,11,17,22,25,35,32,58,38,445,166,13,21,0,23,13,22,220,104,199,83
0600000US0900957600,0900957600,"Orange town, New Haven County, Connecticut",3097,241,2738,238,283,77,333,91,171,68,954,203,997,159,359,184,53,74,0,19,0,19,0,19,18,25,35,49,306,163,0,19,0,19,71,58,79,67,156,105
0600000US0900958300,0900958300,"Oxford town, New Haven County, Connecticut",2839,191,2477,267,282,100,302,81,125,51,748,187,1020,212,362,204,81,89,8,12,54,85,8,13,0,19,11,19,281,185,0,19,0,19,0,19,108,103,173,113
0600000US0900962290,0900962290,"Prospect town, New Haven County, Connecticut",1811,221,1584,238,209,97,133,77,25,24,543,154,674,172,227,128,57,56,12,19,0,17,0,17,0,17,45,53,170,116,20,24,7,11,10,18,46,51,87,73
0600000US0900967610,0900967610,"Seymour town, New Haven County, Connecticut",3119,299,2521,271,188,79,259,100,75,51,818,175,1181,235,598,212,174,80,0,19,13,24,0,19,45,42,116,62,424,186,34,37,57,72,0,19,110,75,223,137
0600000US0900969640,0900969640,"Southbury town, New Haven County, Connecticut",3994,378,3420,393,462,135,258,114,151,93,1098,258,1451,234,574,164,165,101,5,8,5,9,0,19,38,42,117,80,409,144,6,9,6,9,26,40,180,80,191,88
0600000US0900978740,0900978740,"Wallingford town, New Haven County, Connecticut",9061,386,7282,444,910,169,805,162,329,104,2452,348,2786,334,1779,400,422,193,102,69,49,67,0,26,125,88,146,68,1357,351,113,79,47,35,53,53,335,128,809,234
0600000US0900980070,0900980070,"Waterbury town, New Haven County, Connecticut",24791,1040,11875,1052,2145,312,1334,291,699,180,3730,509,3967,484,12916,983,1632,435,298,138,145,117,99,80,489,173,601,234,11284,1028,1686,358,1302,228,473,171,3924,474,3899,545
0600000US0900982870,0900982870,"West Haven town, New Haven County, Connecticut",10355,661,6593,585,1185,267,521,166,528,198,2096,384,2263,358,3762,642,422,171,95,78,10,16,29,34,176,120,112,72,3340,633,505,204,434,170,175,93,973,286,1253,328
0600000US0900987560,0900987560,"Wolcott town, New Haven County, Connecticut",3344,246,2651,290,142,78,211,87,140,84,989,168,1169,266,693,223,102,76,0,19,12,20,48,68,19,22,23,28,591,221,41,37,45,42,13,22,158,88,334,167
0600000US0900987700,0900987700,"Woodbridge town, New Haven County, Connecticut",2057,157,1945,172,89,61,183,85,35,43,770,140,868,209,112,86,0,17,0,17,0,17,0,17,0,17,0,17,112,86,0,17,15,25,0,17,46,51,51,43
0600000US0901100000,0901100000,"County subdivisions not defined, New London County, Connecticut",0,12,0,12,0,12,0,12,0,12,0,12,0,12,0,12,0,12,0,12,0,12,0,12,0,12,0,12,0,12,0,12,0,12,0,12,0,12,0,12
0600000US0901106820,0901106820,"Bozrah town, New London County, Connecticut",543,56,386,72,17,20,8,10,31,20,182,56,148,58,157,65,37,25,0,12,8,12,7,10,10,9,12,13,120,56,6,9,7,10,9,13,22,21,76,37
0600000US0901115910,0901115910,"Colchester town, New London County, Connecticut",3900,296,2858,304,403,149,220,88,137,71,1116,223,982,250,1042,288,170,117,5,10,12,19,0,19,80,64,73,67,872,284,52,63,102,83,83,69,187,105,448,187
0600000US0901123400,0901123400,"East Lyme town, New London County, Connecticut",3517,217,2768,233,231,103,314,106,104,46,1000,157,1119,180,749,206,182,117,17,26,12,19,0,19,119,94,34,32,567,158,38,44,27,29,8,13,169,88,325,110
0600000US0901129910,0901129910,"Franklin town, New London County, Connecticut",411,42,317,54,44,21,40,20,19,11,128,42,86,26,94,42,8,9,0,12,0,12,0,12,0,12,8,9,86,40,4,6,10,9,0,12,27,21,45,25
0600000US0901133900,0901133900,"Griswold town, New London County, Connecticut",2193,305,1588,266,304,138,214,113,101,64,435,139,534,161,605,243,116,98,37,57,0,19,48,68,0,19,31,32,489,232,117,121,35,44,0,19,254,136,83,72
0600000US0901134250,0901134250,"Groton town, New London County, Connecticut",7753,393,5670,418,1149,193,663,154,308,98,1746,244,1804,213,2083,424,453,181,80,76,69,69,24,39,133,111,147,90,1630,408,366,157,177,75,186,113,340,133,561,186
0600000US0901142390,0901142390,"Lebanon town, New London County, Connecticut",1481,163,841,241,120,60,71,59,66,43,279,121,305,126,640,268,295,199,0,17,0,17,0,17,72,69,223,176,345,217,17,28,17,28,66,69,100,82,145,89
0600000US0901142600,0901142600,"Ledyard town, New London County, Connecticut",3838,236,2980,291,378,142,328,118,119,68,1205,289,950,214,858,304,144,117,24,33,24,30,11,12,29,34,56,70,714,295,42,62,84,112,48,60,265,140,275,139
0600000US0901143230,0901143230,"Lisbon town, New London County, Connecticut",903,126,808,130,100,57,56,41,39,43,261,98,352,144,95,56,0,12,0,12,0,12,0,12,0,12,0,12,95,56,0,12,0,12,18,28,26,27,51,34
0600000US0901144210,0901144210,"Lyme town, New London County, Connecticut",496,102,334,59,59,34,24,18,16,15,107,52,128,47,162,105,27,27,0,12,0,12,0,12,0,12,27,27,135,104,8,13,33,48,0,12,78,62,16,18
0600000US0901148900,0901148900,"Montville town, New London County, Connecticut",3351,276,2485,270,293,121,311,124,67,50,904,197,910,227,866,275,159,107,16,28,17,30,0,19,31,36,95,69,707,258,14,19,83,74,40,42,377,168,193,108
0600000US0901152350,0901152350,"New London town, New London County, Connecticut",4646,399,2404,363,260,128,444,173,56,48,847,237,797,181,2242,429,571,262,114,109,81,76,11,18,218,154,147,99,1671,348,224,108,235,117,38,53,578,259,596,221
0600000US0901155500,0901155500,"North Stonington town, New London County, Connecticut",1061,168,930,166,154,82,117,58,94,70,263,132,302,120,131,112,67,103,18,32,0,17,0,17,38,64,11,17,64,60,0,17,0,17,0,17,0,17,64,60
0600000US0901156270,0901156270,"Norwich town, New London County, Connecticut",8000,480,4346,540,595,150,427,117,235,98,1360,288,1729,305,3654,529,649,270,176,114,105,96,53,64,141,85,174,116,3005,492,406,154,229,122,195,123,1021,257,1154,269
0600000US0901157040,0901157040,"Old Lyme town, New London County, Connecticut",1488,145,1106,194,110,53,111,46,37,28,381,126,467,141,382,197,88,76,0,17,0,17,0,17,51,48,37,39,294,160,0,17,0,17,18,21,59,38,217,142
0600000US0901162150,0901162150,"Preston town, New London County, Connecticut",908,170,610,191,132,76,43,42,67,63,183,96,185,97,298,178,0,12,0,12,0,12,0,12,0,12,0,12,298,178,27,35,53,43,32,36,84,80,102,65
0600000US0901166210,0901166210,"Salem town, New London County, Connecticut",984,94,789,117,145,61,121,57,36,28,238,80,249,73,195,103,24,22,15,18,0,12,0,12,0,12,9,14,171,102,0,12,25,28,6,12,42,38,98,71
0600000US0901171670,0901171670,"Sprague town, New London County, Connecticut",517,138,345,117,71,69,54,52,73,64,68,43,79,57,172,115,36,35,0,12,0,12,0,12,17,20,19,29,136,109,0,12,11,17,0,12,63,64,62,57
0600000US0901173770,0901173770,"Stonington town, New London County, Connecticut",3524,242,2681,258,488,168,271,82,139,51,1055,163,728,187,843,225,235,115,0,19,0,19,0,19,27,30,208,114,608,222,42,51,22,26,19,20,165,84,360,171
0600000US0901178600,0901178600,"Voluntown town, New London County, Connecticut",508,61,380,71,80,36,33,24,25,19,140,48,102,48,128,70,74,58,0,12,0,12,0,12,15,19,59,43,54,35,0,12,0,12,0,12,5,9,49,33
0600000US0901180280,0901180280,"Waterford town, New London County, Connecticut",3741,240,2995,286,265,90,156,72,141,69,1280,241,1153,239,746,204,386,190,62,80,9,15,24,35,173,103,118,78,360,122,40,37,24,19,33,28,98,64,165,65
0600000US0901301080,0901301080,"Andover town, Tolland County, Connecticut",743,114,547,105,78,48,39,30,20,23,166,61,244,79,196,127,50,70,0,12,0,12,0,12,0,12,50,70,146,108,33,35,0,12,0,12,56,61,57,52
0600000US0901306260,0901306260,"Bolton town, Tolland County, Connecticut",903,104,739,114,36,30,56,27,44,35,239,78,364,97,164,85,83,80,0,12,0,12,0,12,51,49,32,37,81,52,0,12,0,12,0,12,36,30,45,34
0600000US0901316400,0901316400,"Columbia town, Tolland County, Connecticut",1097,174,870,182,65,48,66,63,29,31,315,112,395,110,227,126,113,112,40,38,0,17,0,17,44,49,29,46,114,76,0,17,0,17,16,26,68,67,30,29
0600000US0901317800,0901317800,"Coventry town, Tolland County, Connecticut",2523,233,2098,274,223,113,120,91,56,53,866,184,833,184,425,164,104,78,0,19,0,19,0,19,29,33,75,66,321,154,38,43,12,19,0,19,59,63,212,111
0600000US0901325360,0901325360,"Ellington town, Tolland County, Connecticut",3796,275,3079,280,500,124,343,130,180,97,975,178,1081,202,717,226,223,134,36,51,0,19,18,27,19,29,150,107,494,199,0,19,31,33,0,19,252,115,211,133
0600000US0901337910,0901337910,"Hebron town, Tolland County, Connecticut",2583,179,2344,174,225,88,277,96,159,83,792,174,891,170,239,134,110,98,0,17,0,17,17,28,0,17,93,75,129,75,15,25,0,17,16,22,25,27,73,50
0600000US0901344910,0901344910,"Mansfield town, Tolland County, Connecticut",2747,292,2036,281,195,112,190,86,140,71,691,167,820,204,711,227,116,92,9,14,0,23,0,23,26,43,81,82,595,213,114,152,65,61,0,23,136,85,280,106
0600000US0901369220,0901369220,"Somers town, Tolland County, Connecticut",2103,208,1841,204,181,78,154,76,110,50,625,144,771,157,262,110,92,73,0,19,0,19,11,17,38,36,43,40,170,82,9,13,15,24,15,28,36,34,95,52
0600000US0901372090,0901372090,"Stafford town, Tolland County, Connecticut",2319,267,1616,215,292,108,136,68,120,76,537,130,531,146,703,256,273,197,42,42,10,18,39,40,70,54,112,94,430,183,93,75,46,40,40,42,89,76,162,105
0600000US0901376290,0901376290,"Tolland town, Tolland County, Connecticut",3790,194,3330,282,338,109,265,90,175,70,1169,224,1383,228,460,226,161,132,21,31,21,31,0,19,41,66,78,74,299,165,15,24,17,27,36,58,104,85,127,79
0600000US0901377830,0901377830,"Union town, Tolland County, Connecticut",172,76,157,73,21,16,13,17,19,26,66,35,38,24,15,19,0,12,0,12,0,12,0,12,0,12,0,12,15,19,0,12,0,12,0,12,0,12,15,19
0600000US0901378250,0901378250,"Vernon town, Tolland County, Connecticut",4760,343,3231,409,605,170,346,118,119,63,1091,243,1070,251,1529,326,246,107,7,14,62,60,7,14,9,14,161,89,1283,322,169,113,198,125,134,78,450,186,332,136
0600000US0901385950,0901385950,"Willington town, Tolland County, Connecticut",744,141,512,133,50,52,13,22,14,21,216,103,219,97,232,109,99,87,0,17,38,57,0,17,30,35,31,36,133,82,33,33,0,17,16,26,24,27,60,45
0600000US0901501430,0901501430,"Ashford town, Windham County, Connecticut",870,120,714,155,134,58,53,41,13,21,200,95,314,103,156,104,22,37,0,12,0,12,0,12,0,12,22,37,134,95,33,37,12,19,11,18,59,52,19,22
0600000US0901509190,0901509190,"Brooklyn town, Windham County, Connecticut",1703,214,1269,231,213,103,117,74,19,22,309,121,611,197,434,234,41,49,0,17,16,25,0,17,0,17,25,40,393,228,0,17,0,17,13,21,174,127,206,117
0600000US0901512130,0901512130,"Canterbury town, Windham County, Connecticut",880,183,679,195,66,60,0,17,39,30,331,149,243,110,201,128,139,108,0,17,21,32,0,17,42,45,76,84,62,69,0,17,0,17,0,17,0,17,62,69
0600000US0901513810,0901513810,"Chaplin town, Windham County, Connecticut",454,79,342,71,12,13,28,23,39,33,97,46,166,66,112,66,56,42,18,17,0,12,9,14,23,31,6,9,56,58,0,12,0,12,0,12,23,29,33,37
0600000US0901521860,0901521860,"Eastford town, Windham County, Connecticut",354,58,314,59,51,25,15,8,17,13,120,35,111,40,40,29,11,17,0,12,0,12,0,12,11,17,0,12,29,23,0,12,3,4,4,5,0,12,22,19
0600000US0901536000,0901536000,"Hampton town, Windham County, Connecticut",302,79,230,64,47,27,28,16,20,14,64,29,71,28,72,44,7,8,0,12,0,12,0,12,2,4,5,7,65,44,9,13,0,12,3,4,16,20,37,24
0600000US0901540500,0901540500,"Killingly town, Windham County, Connecticut",3559,272,2561,307,291,90,190,96,125,80,983,277,972,210,998,286,252,129,106,80,15,25,26,41,48,42,57,75,746,258,125,115,84,47,74,54,135,90,328,168
0600000US0901559980,0901559980,"Plainfield town, Windham County, Connecticut",3210,250,2235,323,218,97,234,119,282,115,648,171,853,222,975,278,395,252,64,67,54,63,0,19,172,150,105,92,580,204,77,60,140,83,16,27,211,106,136,71
0600000US0901561030,0901561030,"Pomfret town, Windham County, Connecticut",1011,162,869,190,100,65,53,41,17,23,352,163,347,140,142,99,52,68,12,19,0,12,0,12,0,12,40,64,90,66,10,15,11,16,0,12,10,16,59,48
0600000US0901562710,0901562710,"Putnam town, Windham County, Connecticut",2059,253,1266,267,378,230,66,50,52,42,365,148,405,147,793,309,265,191,33,50,0,17,24,39,119,116,89,70,528,272,74,74,0,17,0,17,309,152,145,109
0600000US0901567400,0901567400,"Scotland town, Windham County, Connecticut",352,70,313,71,11,9,21,17,0,12,145,43,136,46,39,36,0,12,0,12,0,12,0,12,0,12,0,12,39,36,0,12,0,12,0,12,16,18,23,21
0600000US0901573420,0901573420,"Sterling town, Windham County, Connecticut",970,178,607,154,113,82,42,30,68,45,222,88,162,63,363,202,147,119,0,12,0,12,0,12,10,16,137,119,216,197,36,57,35,52,0,12,123,128,22,25
0600000US0901575870,0901575870,"Thompson town, Windham County, Connecticut",1790,221,1379,184,175,83,60,44,32,29,657,170,455,130,411,208,75,67,0,17,21,33,0,17,16,19,38,44,336,203,72,103,20,24,0,17,95,69,149,98
0600000US0901586790,0901586790,"Windham town, Windham County, Connecticut",4484,505,2014,466,368,117,219,94,118,79,572,196,737,264,2470,430,444,168,79,51,150,90,1,8,152,115,62,58,2026,415,283,132,308,115,68,60,584,193,783,243
0600000US0901588190,0901588190,"Woodstock town, Windham County, Connecticut",1870,199,1529,209,107,82,157,108,37,54,605,215,623,163,341,238,199,213,0,17,0,17,0,17,31,46,168,190,142,114,17,26,16,27,0,17,61,67,48,50
